,ChW_Sys_Hrch_HrChDifPr(psi),HRCH_1_CondPressure(psi),HRCH_1_LvgCondWtrTmp(°F),HRCH_1_LvgEvapWtrTmp(°F),HwTmpResetSpt_HwVlvPosMax(%),HW_Sys_HrCh_GhwP04Spd(%),HW_Sys_HrCh_GhwP05Spd(%),HW_Sys_HrCh_HrChGhwSTmp(°F),HW_Sys_HrCh_HrchIsoVlvPos(%),Alarm
4/29/2022 0:00,1.4,,92.6,61.7,,,,,,2
4/29/2022 0:15,1.1,,94.2,61.5,,,,,,2
4/29/2022 0:30,1.1,,88.3,61.7,,,,,,0
4/29/2022 0:45,1.3,,92.8,61.8,,,,,,3
4/29/2022 1:00,1.1,,83.4,62,,,,,,0
4/29/2022 1:15,1.1,,120.5,47.8,,,,,,1
4/29/2022 1:30,1.2,,103.2,48.9,,,,,,3
4/29/2022 1:45,1,,110.3,48.7,,,,,,0
4/29/2022 2:00,1.2,,113.1,48.5,,,,,,2
4/29/2022 2:15,0.9,,94.8,46.5,,,,,,2
4/29/2022 2:30,1.2,,105.4,46,,,,,,0
4/29/2022 2:45,0.9,,92.4,53.6,,,,,,3
4/29/2022 3:00,1.2,,87,52.3,,,,,,2
4/29/2022 3:15,0.8,,91,52.3,,,,,,0
4/29/2022 3:30,1.1,,83.6,53.2,,,,,,3
4/29/2022 3:45,1.1,,85.2,53,,,,,,1
4/29/2022 4:00,1.1,,84.3,53.2,,,,,,0
4/29/2022 4:15,0.9,,90.1,53.4,,,,,,3
4/29/2022 4:30,1.2,,87.9,53.7,,,,,,0
4/29/2022 4:45,1.3,,88.7,53.7,,,,,,3
4/29/2022 5:00,1.1,,87,54.1,,,,,,3
4/29/2022 5:15,1.2,,89.4,54.3,,,,,,1
4/29/2022 5:30,1,,100.9,54.3,,,,,,3
4/29/2022 5:45,1.3,,84.2,54.6,,,,,,1
4/29/2022 6:00,1.1,,86.7,54.8,,,,,,0
4/29/2022 6:15,1.3,,97.5,55,,,,,,3
4/29/2022 6:30,1.1,,102.5,55.5,,,,,,1
4/29/2022 6:45,0.9,,104.9,55.9,,,,,,0
4/29/2022 7:00,1.3,,103.8,55.9,,,,,,0
4/29/2022 7:15,1.1,,102.2,56.3,,,,,,2
4/29/2022 7:30,1,,102.9,56.4,,,,,,2
4/29/2022 7:45,1.2,,111.7,56.6,,,,,,3
4/29/2022 8:00,1.1,,102.2,56.8,,,,,,0
4/29/2022 8:15,0.9,,100.5,57.2,,,,,,3
4/29/2022 8:30,1.1,,106.7,57.3,,,,,,2
4/29/2022 8:45,0.9,,96.6,57.7,,,,,,0
4/29/2022 9:00,1.1,,103.2,57.9,,,,,,2
4/29/2022 9:15,1.2,,111.2,58.1,,,,,,3
4/29/2022 9:30,1.3,,101.8,58.2,,,,,,2
4/29/2022 9:45,0.9,,108.6,58.6,,,,,,0
4/29/2022 10:00,1.1,,101.1,58.8,,,,,,1
4/29/2022 10:15,1,,108.5,59,,,,,,2
4/29/2022 10:30,1.2,,112.4,59,,,,,,3
4/29/2022 10:45,0.8,,109.7,59.3,,,,,,0
4/29/2022 11:00,1.5,,110.6,59.7,,,,,,1
4/29/2022 11:15,1.1,,114.9,59.9,,,,,,3
4/29/2022 11:30,1.3,,108.5,59.9,,,,,,2
4/29/2022 11:45,1.1,,103.2,60,,,,,,1
4/29/2022 12:00,1.1,,96.2,60.6,,,,,,3
4/29/2022 12:15,1.1,,104.9,60.6,,,,,,2
4/29/2022 12:30,1.4,,101.6,60.8,,,,,,1
4/29/2022 12:45,1.2,,95.5,61.1,,,,,,0
4/29/2022 13:00,1.2,,95.1,61.3,,,,,,2
4/29/2022 13:15,1.4,,101.8,61.3,,,,,,3
4/29/2022 13:30,1.1,,93,61.5,,,,,,3
4/29/2022 13:45,1.1,,97.8,61.8,,,,,,3
4/29/2022 14:00,1.2,,103.1,62,,,,,,3
4/29/2022 14:15,0.9,,124.5,48.2,,,,,,3
4/29/2022 14:30,1.3,,141.9,51.4,,,,,,2
4/29/2022 14:45,1.2,,116.9,58.8,,,,,,0
4/29/2022 15:00,1,,132,54.5,,,,,,1
4/29/2022 15:15,1.2,,109.9,58.8,,,,,,0
4/29/2022 15:30,0.8,,110.4,57.9,,,,,,0
4/29/2022 15:45,1,,110.1,57.2,,,,,,2
4/29/2022 16:00,0.9,,110.6,58.4,,,,,,2
4/29/2022 16:15,1.1,,110.8,58.4,,,,,,1
4/29/2022 16:30,1.1,,109,58.6,,,,,,1
4/29/2022 16:45,1.2,,109.2,59,,,,,,2
4/29/2022 17:00,0.9,,108.8,59.1,,,,,,0
4/29/2022 17:15,1,,105,59.1,,,,,,2
4/29/2022 17:30,1.1,,107.9,59.5,,,,,,3
4/29/2022 17:45,1.2,,108.3,60,,,,,,1
4/29/2022 18:00,1.4,,103.8,60.2,,,,,,1
4/29/2022 18:15,1.1,,107.2,60.4,,,,,,1
4/29/2022 18:30,0.9,,102.5,60.8,,,,,,3
4/29/2022 18:45,0.8,,104.5,60.9,,,,,,0
4/29/2022 19:00,1.1,,101.8,61.1,,,,,,1
4/29/2022 19:15,1.2,,103.4,61.3,,,,,,0
4/29/2022 19:30,1,,105,61.7,,,,,,1
4/29/2022 19:45,1,,105.9,61.8,,,,,,2
4/29/2022 20:00,1.3,,104.5,62,,,,,,2
4/29/2022 20:15,1.4,,130.6,48.5,,,,,,3
4/29/2022 20:30,1,,118.4,62.4,,,,,,2
4/29/2022 20:45,1,,134.9,49.2,,,,,,3
4/29/2022 21:00,1.2,,134.9,51,,,,,,2
4/29/2022 21:15,1.1,,128.8,59,,,,,,3
4/29/2022 21:30,1.1,,104.3,57.3,,,,,,2
4/29/2022 21:45,1.2,,96.4,55.5,,,,,,3
4/29/2022 22:00,0.9,,103.6,57,,,,,,1
4/29/2022 22:15,1,,89.2,57.3,,,,,,3
4/29/2022 22:30,1.3,,93,57,,,,,,3
4/29/2022 22:45,0.9,,86.7,57.5,,,,,,1
4/29/2022 23:00,1.1,,85.6,57.5,,,,,,2
4/29/2022 23:15,1,,85.1,57.9,,,,,,1
4/29/2022 23:30,1,,90.5,58.1,,,,,,1
4/29/2022 23:45,1,,88.1,58.4,,,,,,0
4/30/2022 0:00,1.2,,87.2,58.4,,,,,,3
4/30/2022 0:15,0.9,,91.4,58.8,,,,,,2
4/30/2022 0:30,1.1,,92.4,59.1,,,,,,0
4/30/2022 0:45,1.1,,85.1,59.3,,,,,,1
4/30/2022 1:00,1.4,,88.5,59.3,,,,,,2
4/30/2022 1:15,1,,83.6,59.7,,,,,,3
4/30/2022 1:30,1,,89,60,,,,,,3
4/30/2022 1:45,1,,82.2,60,,,,,,2
4/30/2022 2:00,1.1,,82.5,60.2,,,,,,3
4/30/2022 2:15,1.1,,89.6,60.6,,,,,,1
4/30/2022 2:30,0.7,,85.1,60.6,,,,,,3
4/30/2022 2:45,1.3,,88.5,60.9,,,,,,2
4/30/2022 3:00,0.8,,91.7,61.1,,,,,,2
4/30/2022 3:15,1,,89.9,61.3,,,,,,1
4/30/2022 3:30,1.2,,85.6,61.3,,,,,,1
4/30/2022 3:45,1.1,,90.1,61.5,,,,,,3
4/30/2022 4:00,1,,86.9,61.8,,,,,,1
4/30/2022 4:15,1.1,,91.5,61.8,,,,,,2
4/30/2022 4:30,1.4,,92.4,53.4,,,,,,0
4/30/2022 4:45,1,,105.4,48.9,,,,,,2
4/30/2022 5:00,0.7,,102.2,48.3,,,,,,3
4/30/2022 5:15,0.9,,112.2,47.1,,,,,,1
4/30/2022 5:30,1.1,,94.4,47.6,,,,,,0
4/30/2022 5:45,1.1,,108.1,47.1,,,,,,0
4/30/2022 6:00,0.9,,106.5,45.8,,,,,,3
4/30/2022 6:15,0.9,,90.8,53.2,,,,,,0
4/30/2022 6:30,1.1,,105.6,52.8,,,,,,1
4/30/2022 6:45,1.1,,94.4,52.8,,,,,,3
4/30/2022 7:00,1.2,,98,53.6,,,,,,3
4/30/2022 7:15,1.1,,99.3,53.9,,,,,,2
4/30/2022 7:30,1.1,,94.2,54.1,,,,,,1
4/30/2022 7:45,1,,104.7,54.5,,,,,,0
4/30/2022 8:00,1.2,,91.7,54.8,,,,,,3
4/30/2022 8:15,1.2,,103.6,54.8,,,,,,2
4/30/2022 8:30,1.3,,90.8,55.4,,,,,,2
4/30/2022 8:45,1.1,,104.7,55.7,,,,,,2
4/30/2022 9:00,1.4,,93.7,55.7,,,,,,3
4/30/2022 9:15,1,,107.7,55.9,,,,,,3
4/30/2022 9:30,1,,107,56.4,,,,,,1
4/30/2022 9:45,0.9,,107.4,56.8,,,,,,1
4/30/2022 10:00,1.2,,108.1,57,,,,,,3
4/30/2022 10:15,1.1,,107.7,57.3,,,,,,3
4/30/2022 10:30,1.3,,107.2,57.5,,,,,,0
4/30/2022 10:45,1.1,,106.1,57.5,,,,,,3
4/30/2022 11:00,1.1,,111.5,57.9,,,,,,1
4/30/2022 11:15,1.1,,111.9,58.1,,,,,,1
4/30/2022 11:30,0.9,,105.4,58.6,,,,,,1
4/30/2022 11:45,1.2,,109.9,58.8,,,,,,0
4/30/2022 12:00,1.1,,104.7,58.8,,,,,,2
4/30/2022 12:15,1.2,,109.5,59,,,,,,2
4/30/2022 12:30,1.1,,112.2,59.3,,,,,,1
4/30/2022 12:45,1.2,,112.1,59.5,,,,,,3
4/30/2022 13:00,1,,114,59.3,,,,,,1
4/30/2022 13:15,1.3,,116.7,59.9,,,,,,2
4/30/2022 13:30,1.2,,115.1,59.9,,,,,,2
4/30/2022 13:45,1.3,,113.1,59.9,,,,,,2
4/30/2022 14:00,1.1,,111.7,60.4,,,,,,1
4/30/2022 14:15,1.3,,118.4,60.6,,,,,,3
4/30/2022 14:30,1.1,,122.3,60.8,,,,,,2
4/30/2022 14:45,1.1,,134.2,55.7,,,,,,0
4/30/2022 15:00,1.2,,136.4,55.4,,,,,,0
4/30/2022 15:15,1.1,,133.8,55.4,,,,,,3
4/30/2022 15:30,1.3,,135.3,54.1,,,,,,1
4/30/2022 15:45,1.2,,136.5,53,,,,,,1
4/30/2022 16:00,1.2,,124.5,57.3,,,,,,3
4/30/2022 16:15,1.1,,125.2,52.1,,,,,,0
4/30/2022 16:30,1.1,,123,55.7,,,,,,0
4/30/2022 16:45,1.1,,132.6,47.8,,,,,,2
4/30/2022 17:00,1.3,,135.6,45.8,,,,,,0
4/30/2022 17:15,0.7,,136.4,46.7,,,,,,3
4/30/2022 17:30,1.1,,135.6,49.8,,,,,,1
4/30/2022 17:45,0.9,,134.4,49.2,,,,,,0
4/30/2022 18:00,1.2,,134.2,48,,,,,,1
4/30/2022 18:15,0.9,,135.6,45.6,,,,,,3
4/30/2022 18:30,1.2,,132.2,47.1,,,,,,1
4/30/2022 18:45,1.3,,116.4,51.2,,,,,,1
4/30/2022 19:00,1,,128.1,48.2,,,,,,2
4/30/2022 19:15,1,,127,43.7,,,,,,2
4/30/2022 19:30,1.2,,129.3,46.9,,,,,,0
4/30/2022 19:45,1.2,,112.6,50.1,,,,,,0
4/30/2022 20:00,0.9,,119.3,47.8,,,,,,2
4/30/2022 20:15,1,,109.9,48.9,,,,,,3
4/30/2022 20:30,1.2,,118,48.2,,,,,,1
4/30/2022 20:45,1.1,,109.5,48.3,,,,,,2
4/30/2022 21:00,0.9,,109.2,48.3,,,,,,3
4/30/2022 21:15,1,,103.1,48.9,,,,,,2
4/30/2022 21:30,1.1,,106.8,49.1,,,,,,1
4/30/2022 21:45,0.8,,103.8,49.2,,,,,,3
4/30/2022 22:00,1.2,,98,49.6,,,,,,1
4/30/2022 22:15,1.1,,96.9,49.8,,,,,,1
4/30/2022 22:30,1.1,,94.1,50,,,,,,2
4/30/2022 22:45,1.2,,97.7,50,,,,,,1
4/30/2022 23:00,1.2,,99.1,50.5,,,,,,0
4/30/2022 23:15,0.9,,109.4,50.5,,,,,,3
4/30/2022 23:30,1,,72.3,50.7,,,,,,0
4/30/2022 23:45,1,,87.6,51,,,,,,3
5/1/2022 0:00,1,119,102.7,51.2,100,0,100,102.5,100,0
5/1/2022 0:15,1,128,105.2,51.2,78.4,0,100,105.2,100,0
5/1/2022 0:30,1,99,89.7,51.4,78.4,0,100,90,100,2
5/1/2022 0:45,1.1,107,94.4,51.8,78.4,0,100,94.4,100,2
5/1/2022 1:00,1,90,83.6,52.1,78.4,0,100,83.9,100,0
5/1/2022 1:15,1.1,93,85.2,52.3,78.4,0,100,85.5,100,0
5/1/2022 1:30,0.9,103,91.9,52.5,78.4,0,100,92.2,100,3
5/1/2022 1:45,0.9,95,85.8,52.7,78.4,0,100,86,100,0
5/1/2022 2:00,1.5,91,83.3,53,78.4,0,100,83.5,100,0
5/1/2022 2:15,1.3,88,82,53.2,78.4,0,100,82.2,100,3
5/1/2022 2:30,1.2,89,83.4,53.2,78.4,0,100,83.7,100,3
5/1/2022 2:45,0.9,87,81.5,53.6,86,0,100,81.7,100,2
5/1/2022 3:00,1.2,98,88.5,53.7,100,0,100,88.5,100,3
5/1/2022 3:15,1.2,92,85.2,53.7,100,0,100,85.6,100,3
5/1/2022 3:30,1,99,89.6,54.1,96.5,0,100,89.5,100,1
5/1/2022 3:45,1.3,88,82.9,54.3,78.4,0,100,83.1,100,1
5/1/2022 4:00,1.1,89,83.8,54.6,78.4,0,100,84.1,100,3
5/1/2022 4:15,1.1,87,81.5,54.8,78.4,0,100,81.6,100,3
5/1/2022 4:30,1,90,83.6,54.8,78.4,0,100,83.7,100,2
5/1/2022 4:45,1.2,92,85.4,54.8,78.4,0,100,86,100,3
5/1/2022 5:00,1,85,80.9,55.2,78.4,0,100,81.1,100,1
5/1/2022 5:15,1,85,79.8,55.5,95.3,0,100,80.2,100,0
5/1/2022 5:30,0.9,94,87.9,55.5,100,0,100,87.8,100,1
5/1/2022 5:45,1.4,90,84.7,55.7,100,0,100,84.9,100,2
5/1/2022 6:00,1.1,89,82.2,56.1,100,0,100,82.2,100,1
5/1/2022 6:15,1.1,104,94.4,56.1,100,0,100,94.4,100,0
5/1/2022 6:30,1.1,119,102,56.4,100,0,100,101.9,100,2
5/1/2022 6:45,1.2,128,110.8,57,100,0,100,110.6,100,2
5/1/2022 7:00,1.3,120,100.7,57.2,100,0,100,100.9,100,3
5/1/2022 7:15,1.1,127,106.1,57.2,100,0,100,106.2,100,2
5/1/2022 7:30,0.9,119,101.1,57.5,100,0,100,101,100,0
5/1/2022 7:45,1.2,129,107.7,57.9,100,0,100,107.5,100,1
5/1/2022 8:00,1.1,115,98.6,58.1,100,0,100,98.4,100,1
5/1/2022 8:15,1,129,107.7,58.2,100,0,100,107.5,100,0
5/1/2022 8:30,1.1,131,107.7,58.2,100,0,100,107.8,100,0
5/1/2022 8:45,1.1,123,103.6,58.8,100,0,100,103.5,100,2
5/1/2022 9:00,1.1,128,109,59,100,0,100,109,100,2
5/1/2022 9:15,0.6,123,104.3,59.1,100,0,100,104.4,100,0
5/1/2022 9:30,1.2,130,111.5,59.3,100,0,100,111.4,100,2
5/1/2022 9:45,1.3,134,112.1,59.3,100,0,100,111.9,100,3
5/1/2022 10:00,1,135,111.9,59.5,100,0,100,111.9,100,1
5/1/2022 10:15,1.1,134,111.5,59.5,100,0,100,111.5,100,3
5/1/2022 10:30,0.9,130,109.7,60,100,0,100,109.5,100,1
5/1/2022 10:45,1.3,131,117.5,54.3,100,0,100,116.9,100,3
5/1/2022 11:00,0.9,222,135.3,50.5,100,0,100,134.8,100,3
5/1/2022 11:15,1,215,134.7,48.2,100,0,100,134.4,100,2
5/1/2022 11:30,0.8,193,134.9,53.6,100,0,100,134.8,100,2
5/1/2022 11:45,1.1,183,125.9,57.5,100,0,100,126,100,2
5/1/2022 12:00,1.2,228,136.7,51,100,0,100,136.5,100,1
5/1/2022 12:15,1.2,229,137.3,50.9,100,0,100,137.1,100,1
5/1/2022 12:30,1.1,191,127.7,56.1,100,0,100,127.8,100,3
5/1/2022 12:45,1.1,193,133.5,49.6,100,0,100,133.1,100,1
5/1/2022 13:00,0.9,199,137.3,49.6,100,0,100,137.1,100,0
5/1/2022 13:15,1.1,203,138.3,52.1,100,0,100,138.2,100,3
5/1/2022 13:30,1.1,219,135.5,50.3,100,0,100,134.9,100,0
5/1/2022 13:45,1,218,139.2,48.7,100,0,100,138.9,100,0
5/1/2022 14:00,1.2,195,135.6,53.4,100,0,100,135.4,100,1
5/1/2022 14:15,1.1,175,122.3,60.2,100,0,100,122.3,100,1
5/1/2022 14:30,1.1,187,126.8,61.5,100,0,100,126.8,100,1
5/1/2022 14:45,0.7,210,137.3,60.2,100,0,100,137.1,100,2
5/1/2022 15:00,1.1,195,134.6,57.3,100,0,100,134.1,100,1
5/1/2022 15:15,1.4,175,122.1,64.9,78.4,0,100,122.3,100,2
5/1/2022 15:29,,,,,,,,,,1
5/1/2022 15:30,1.4,183,125.7,65.4,91.5,0,100,125.7,100,2
5/1/2022 15:45,0.9,170,120.5,61.7,78.4,0,100,120.4,100,0
5/1/2022 16:00,1.2,176,123,50.5,78.4,0,100,123.1,100,3
5/1/2022 16:15,1,162,117.6,42.2,78.4,0,100,117.7,100,1
5/1/2022 16:30,1.2,144,109.9,43.5,78.4,0,100,109.8,100,0
5/1/2022 16:45,1,142,109,45.6,78.4,0,100,108.9,100,3
5/1/2022 17:00,1.2,135,105.8,47.3,78.4,0,100,105.8,100,1
5/1/2022 17:15,1,125,100.9,48.3,100,0,100,101,100,1
5/1/2022 17:30,1.2,119,98.4,49.1,78.4,0,100,98.4,100,2
5/1/2022 17:45,0.9,116,96.9,49.6,78.4,0,100,97,100,1
5/1/2022 17:47,,,,,,,,,,0
5/1/2022 18:00,1.4,138,106.8,49.8,78.4,0,100,106.9,100,3
5/1/2022 18:15,1.2,135,106.7,50,78.4,0,100,106.9,100,1
5/1/2022 18:30,1.1,136,105.2,46.7,100,0,100,105.3,100,2
5/1/2022 18:32,,,,,,,,,,2
5/1/2022 18:41,,,,,,,,,,0
5/1/2022 18:43,,,,,,,,,,1
5/1/2022 18:45,1.1,129,102.7,48.5,94.8,0,100,102.9,100,2
5/1/2022 19:00,1.1,148,110.3,46.7,93.5,0,100,110.1,100,3
5/1/2022 19:07,,,,,,,,,,0
5/1/2022 19:15,1.2,136,105,50.3,81.4,0,100,105.1,100,1
5/1/2022 19:26,,,,,,,,,,0
5/1/2022 19:29,,,,,,,,,,3
5/1/2022 19:30,0.9,151,114.6,48.7,96.6,0,100,114,100,3
5/1/2022 19:31,,,,,,,,,,1
5/1/2022 19:45,1.3,139,104,47.1,78.4,0,100,103.9,100,2
5/1/2022 20:00,1.1,154,110.6,48.2,78.4,0,100,110.6,100,3
5/1/2022 20:15,1,140,104.5,48.5,99.8,0,100,104.6,100,0
5/1/2022 20:30,1.1,145,106.1,48.3,100,0,100,106.2,100,3
5/1/2022 20:45,1.2,146,106.8,48.5,100,0,100,106.8,100,0
5/1/2022 20:50,,,,,,,,,,3
5/1/2022 21:00,0.9,157,111.7,48.7,100,0,100,111.7,100,2
5/1/2022 21:15,1,102,82.2,47.4,78.4,0,100,82.3,100,3
5/1/2022 21:30,1.3,146,106.1,48.7,78.4,0,100,105.9,100,3
5/1/2022 21:45,1.4,171,117.1,48.7,78.4,0,100,116.8,100,0
5/1/2022 22:00,1.1,126,96,48.3,78.4,0,100,96.2,100,2
5/1/2022 22:15,1.1,143,104.7,48.3,78.4,0,100,104.7,100,0
5/1/2022 22:30,1,116,92.4,48.3,78.4,0,100,92.5,100,1
5/1/2022 22:45,1.1,116,92.8,48.7,80.2,0,100,93.1,100,3
5/1/2022 23:00,1.1,114,90.6,48.2,100,0,100,90.8,100,2
5/1/2022 23:15,1.2,127,97.7,48.2,78.4,0,100,97.7,100,2
5/1/2022 23:30,1.1,112,89,48,87.4,0,100,89.1,100,2
5/1/2022 23:45,1.2,131,99.3,48.3,78.4,0,100,99.4,100,2
5/2/2022 0:00,1.4,111,88.8,48.2,78.4,0,100,89,100,3
5/2/2022 0:15,0.9,115,91.2,48.5,78.4,0,100,91.4,100,0
5/2/2022 0:30,0.8,121,93.2,47.6,78.4,0,100,93.1,100,1
5/2/2022 0:45,1.2,110,89.9,48.3,78.4,0,100,90.3,100,0
5/2/2022 1:00,1,119,93.5,48.3,78.4,0,100,93.7,100,1
5/2/2022 1:15,1.2,108,86.7,47.4,78.4,0,100,86.7,100,0
5/2/2022 1:30,1.1,114,90.3,47.6,83.9,0,100,90.2,100,3
5/2/2022 1:45,0.9,108,91.2,47.8,90.6,0,100,91.6,100,3
5/2/2022 2:00,1,109,88.1,47.4,100,0,100,88.3,100,2
5/2/2022 2:15,0.9,127,97.1,47.8,100,0,100,97.1,100,2
5/2/2022 2:30,1.1,104,84.9,47.3,100,0,100,85.1,100,1
5/2/2022 2:45,1,127,96.8,47.6,78.4,0,100,96.8,100,0
5/2/2022 3:00,1.3,108,87.6,47.8,78.4,0,100,87.9,100,1
5/2/2022 3:15,1.1,112,90.1,47.4,78.4,0,100,90.1,100,1
5/2/2022 3:30,1.1,114,90.8,47.3,78.4,0,100,90.8,100,3
5/2/2022 3:45,1.1,118,93.2,47.6,78.4,0,100,93.3,100,0
5/2/2022 4:00,1.3,114,92.3,47.8,78.4,0,100,92.5,100,3
5/2/2022 4:15,1.1,107,86.9,47.3,78.4,0,100,87,100,3
5/2/2022 4:30,1.3,108,89.2,47.1,78.4,0,100,89.2,100,1
5/2/2022 4:45,1.1,107,87.4,47.1,84.1,0,100,87.6,100,0
5/2/2022 5:00,1.1,106,87.6,47.4,100,0,100,87.9,100,2
5/2/2022 5:15,0.9,118,91.5,47.3,100,0,100,91.4,100,0
5/2/2022 5:30,1,110,89,47.1,100,0,100,89.2,100,0
5/2/2022 5:45,1.1,113,89.9,47.4,100,0,100,90.1,100,2
5/2/2022 6:00,1.3,125,99.5,48.2,78.4,0,100,99.7,100,3
5/2/2022 6:15,1.2,127,97.7,47.8,100,0,100,97.7,100,2
5/2/2022 6:30,1.4,157,111.5,48.5,100,0,100,111.2,100,3
5/2/2022 6:45,1.1,139,108.8,49.1,100,0,100,108.9,100,1
5/2/2022 7:00,1,158,111.5,48.9,100,0,100,111.2,100,2
5/2/2022 7:15,1.1,139,104.1,48.9,100,0,100,104.4,100,1
5/2/2022 7:30,0.8,162,113.3,49.1,100,0,100,113.1,100,0
5/2/2022 7:45,1,161,111.7,48.9,100,0,100,111.3,100,3
5/2/2022 8:00,1.2,171,116.7,49.2,100,0,100,116.6,100,3
5/2/2022 8:15,1.1,159,110.4,48.9,78.4,0,100,110.1,100,2
5/2/2022 8:30,1.3,165,115.5,49.6,100,0,100,115.5,100,1
5/2/2022 8:45,1,169,116.2,49.6,100,0,100,116.1,100,3
5/2/2022 9:00,1.1,162,113.5,49.6,100,0,100,113.5,100,0
5/2/2022 9:15,1.1,159,113.5,50.9,100,0,100,113.5,100,1
5/2/2022 9:30,1.1,152,108.5,50.1,100,0,100,108.3,100,3
5/2/2022 9:45,0.9,173,117.8,50.7,100,0,100,117.7,100,0
5/2/2022 10:00,1.3,173,117.8,50.7,67.1,0,100,117.7,100,3
5/2/2022 10:15,1.2,170,116.7,49.2,97.3,0,100,116.6,100,3
5/2/2022 10:30,0.8,169,115.7,49.2,85.5,0,100,115.6,100,2
5/2/2022 10:45,1.5,171,116.6,49.6,100,0,100,116.5,100,3
5/2/2022 11:00,0.9,172,116.7,49.2,87.7,0,100,116.8,100,0
5/2/2022 11:15,1.1,179,119.4,49.1,67.1,0,100,119.5,100,3
5/2/2022 11:30,1.4,173,117.8,48.9,89.6,0,100,117.8,100,0
5/2/2022 11:45,0.9,165,119.1,52.1,67.1,0,100,119.2,100,0
5/2/2022 12:00,1.2,204,126.1,45.5,67.1,0,100,125.7,100,0
5/2/2022 12:15,1.1,118,126.1,49.8,67.1,0,100,126.4,100,1
5/2/2022 12:30,0.9,164,118,45.5,67.1,0,100,117.8,100,1
5/2/2022 12:45,1.5,133,107.7,46.2,80.2,0,100,107.3,100,3
5/2/2022 12:57,,,,,,,,,,1
5/2/2022 12:58,,,,,,,,,,0
5/2/2022 13:00,1.1,155,116.4,49.1,100,0,100,116.8,100,2
5/2/2022 13:15,1.3,159,113,46.4,100,0,100,112.8,100,2
5/2/2022 13:18,,,,,,,,,,3
5/2/2022 13:24,,,,,,,,,,2
5/2/2022 13:28,,,,,,,,,,2
5/2/2022 13:30,1.4,143,108.3,50,67.1,0,100,108.4,100,1
5/2/2022 13:33,,,,,,,,,,1
5/2/2022 13:43,,,,,,,,,,3
5/2/2022 13:45,1,175,121.2,47.1,67.1,0,100,121.2,100,1
5/2/2022 13:55,,,,,,,,,,2
5/2/2022 13:57,,,,,,,,,,1
5/2/2022 14:00,1,171,121.1,49.4,67.1,0,100,121.2,100,2
5/2/2022 14:05,,,,,,,,,,0
5/2/2022 14:14,,,,,,,,,,2
5/2/2022 14:15,1.1,187,129.7,42.8,67.1,0,100,129.1,100,3
5/2/2022 14:30,1,187,128.3,46,78.1,0,100,128.2,100,3
5/2/2022 14:38,,,,,,,,,,3
5/2/2022 14:41,,,,,,,,,,1
5/2/2022 14:45,1,164,119.1,49.2,100,0,100,119.4,100,0
5/2/2022 15:00,1.2,159,113.7,46.5,100,0,100,113.6,100,3
5/2/2022 15:01,,,,,,,,,,3
5/2/2022 15:03,,,,,,,,,,1
5/2/2022 15:05,,,,,,,,,,2
5/2/2022 15:12,,,,,,,,,,3
5/2/2022 15:15,1.1,124,104.9,44.2,68.5,0,100,104.5,100,3
5/2/2022 15:22,,,,,,,,,,1
5/2/2022 15:30,1.1,204,125.9,41,67.1,0,100,125.4,100,0
5/2/2022 15:33,,,,,,,,,,2
5/2/2022 15:45,1.2,134,105.6,47.1,82.7,0,100,105.4,100,0
5/2/2022 15:53,,,,,,,,,,3
5/2/2022 16:00,1,199,122.7,41.5,89.9,0,100,122.1,100,2
5/2/2022 16:03,,,,,,,,,,3
5/2/2022 16:04,,,,,,,,,,0
5/2/2022 16:15,1,130,102.5,48.7,81.7,0,100,102.8,100,2
5/2/2022 16:30,0.9,138,108.1,48.5,100,0,100,108.2,100,3
5/2/2022 16:31,,,,,,,,,,3
5/2/2022 16:45,1.1,129,103.1,48.9,100,0,100,102.9,100,0
5/2/2022 16:57,,,,,,,,,,3
5/2/2022 17:00,1.3,113,106.8,44.4,67.1,0,100,106.5,100,0
5/2/2022 17:09,,,,,,,,,,2
5/2/2022 17:15,1.1,128,102.5,49.1,67.1,0,100,102.6,100,0
5/2/2022 17:25,,,,,,,,,,1
5/2/2022 17:30,1.2,213,126.8,41.7,67.1,0,100,119.1,100,0
5/2/2022 17:33,,,,,,,,,,3
5/2/2022 17:35,,,,,,,,,,2
5/2/2022 17:36,,,,,,,,,,1
5/2/2022 17:45,1,144,108.8,49.4,67.1,0,100,108.9,100,2
5/2/2022 17:55,,,,,,,,,,0
5/2/2022 18:00,1.2,143,107.6,46.2,87,0,100,107.3,100,3
5/2/2022 18:03,,,,,,,,,,0
5/2/2022 18:04,,,,,,,,,,3
5/2/2022 18:07,,,,,,,,,,0
5/2/2022 18:15,1.3,118,96.6,48.3,100,0,100,96.7,100,0
5/2/2022 18:30,0.9,117,96.8,48.5,88.3,0,100,96.9,100,0
5/2/2022 18:45,0.9,126,101.8,47.8,80.5,0,100,101.8,100,3
5/2/2022 18:50,,,,,,,,,,3
5/2/2022 18:52,,,,,,,,,,2
5/2/2022 19:00,1.1,135,106.7,46.9,100,0,100,106.7,100,3
5/2/2022 19:15,1.3,146,106.1,45.3,100,0,100,105.9,100,2
5/2/2022 19:24,,,,,,,,,,3
5/2/2022 19:26,,,,,,,,,,3
5/2/2022 19:30,1.4,35,105.2,47.1,100,0,100,105.1,100,2
5/2/2022 19:34,,,,,,,,,,1
5/2/2022 19:36,,,,,,,,,,1
5/2/2022 19:37,,,,,,,,,,0
5/2/2022 19:45,1,131,104.3,48.3,100,0,100,104.4,100,0
5/2/2022 20:00,1.2,149,108.6,48.9,100,0,100,108.6,100,3
5/2/2022 20:15,1.2,145,106.5,48.5,100,0,100,106.5,100,1
5/2/2022 20:30,1.1,144,107,48.7,100,0,100,106.8,100,3
5/2/2022 20:45,1.2,146,107.2,49.2,100,0,100,106.6,100,1
5/2/2022 21:00,1,149,109,49.6,100,0,100,108.9,100,2
5/2/2022 21:15,0.9,154,110.6,49.8,67.1,0,100,110.7,100,3
5/2/2022 21:30,1.3,170,117.3,50,67.1,0,100,117.2,100,0
5/2/2022 21:45,0.9,164,114.9,50.3,87.2,0,100,114.9,100,3
5/2/2022 22:00,0.8,171,117.6,50.5,100,0,100,117.6,100,3
5/2/2022 22:15,1.1,162,114.8,50.5,94.9,0,100,114.8,100,0
5/2/2022 22:30,1,168,116.4,50,100,0,100,116.2,100,1
5/2/2022 22:45,1.1,155,112.6,50.1,59.5,0,100,112.8,100,1
5/2/2022 23:00,1.1,177,119.3,49.8,58,0,100,119.4,100,2
5/2/2022 23:15,1,136,102.9,50,45.3,0,100,102.9,100,0
5/2/2022 23:30,1,161,113.1,49.2,47.4,0,100,113.1,100,3
5/2/2022 23:45,1.1,140,103.1,49.2,59.6,0,100,103,100,2
5/3/2022 0:00,1.4,156,111.3,49.2,52.2,0,100,111.3,100,2
5/3/2022 0:15,0.9,143,104.7,48.7,62,0,100,104.5,100,3
5/3/2022 0:30,1.2,134,102,48.9,79,0,100,102.2,100,2
5/3/2022 0:45,1.2,134,101.4,48.7,100,0,100,101.5,100,1
5/3/2022 1:00,1.2,131,99.5,48.5,100,0,100,99.3,100,3
5/3/2022 1:15,1,133,100.4,48.7,69.6,0,100,100.3,100,3
5/3/2022 1:30,1,131,99.3,48.5,44.1,0,100,99.2,100,3
5/3/2022 1:45,1.1,136,102.2,48.7,43.4,0,100,102.1,100,2
5/3/2022 2:00,1.2,143,105.4,49.1,97.2,0,100,105.4,100,1
5/3/2022 2:15,1.1,142,106.1,49.2,97.1,0,100,106,100,3
5/3/2022 2:30,1,150,109,49.1,51.7,0,100,108.6,100,3
5/3/2022 2:45,1,141,103.8,48.9,49,0,100,103.8,100,1
5/3/2022 3:00,1,150,109,49.1,77.3,0,100,108.9,100,1
5/3/2022 3:15,1.1,142,105,49.1,81.2,0,100,105,100,0
5/3/2022 3:30,1,128,98,49.2,100,0,100,98.1,100,1
5/3/2022 3:45,1.2,136,102.9,48.9,100,0,100,102.9,100,2
5/3/2022 4:00,1.1,138,103.4,48.9,67.4,0,100,103.5,100,0
5/3/2022 4:15,1.1,139,103.2,49.2,79.1,0,100,102.2,100,0
5/3/2022 4:30,1.3,140,104.5,49.1,58.1,0,100,104.6,100,0
5/3/2022 4:45,1,146,106.7,49.1,91,0,100,106.5,100,3
5/3/2022 5:00,0.7,143,105.9,49.4,100,0,100,106,100,2
5/3/2022 5:15,1.1,149,108.6,48.9,100,0,100,108.2,100,0
5/3/2022 5:30,1.1,141,104.1,48.5,100,0,100,104,100,3
5/3/2022 5:45,1,101,81.5,47.6,51.7,0,100,81.6,100,0
5/3/2022 6:00,1,139,103.1,48.9,56.2,0,100,102.9,100,0
5/3/2022 6:15,1.1,130,98,48.7,100,0,100,98,100,2
5/3/2022 6:30,1,147,107.4,49.2,100,0,100,107.3,100,3
5/3/2022 6:45,1.1,138,107,49.2,100,0,100,107.3,100,2
5/3/2022 7:00,1.2,154,110.1,49.2,100,0,100,109.8,100,3
5/3/2022 7:15,1.1,150,108.8,49.1,100,0,100,108.8,100,2
5/3/2022 7:30,1.3,144,105.8,49.1,100,0,100,105.6,100,0
5/3/2022 7:45,1.2,145,107,49.4,100,0,100,106.9,100,0
5/3/2022 8:00,1.2,136,100.2,48.7,100,0,100,100.2,100,0
5/3/2022 8:15,1.3,147,107.2,49.2,100,0,100,107.2,100,3
5/3/2022 8:30,1.2,144,104.7,49.1,100,0,100,104.5,100,2
5/3/2022 8:45,1,159,112.2,50,100,0,100,112.2,100,2
5/3/2022 9:00,1.2,157,114,49.8,100,0,100,114,100,1
5/3/2022 9:15,1.1,166,115.1,49.8,100,0,100,115,100,3
5/3/2022 9:30,1.2,178,120.5,50.3,100,0,100,120.3,100,3
5/3/2022 9:45,1.2,173,118.2,50.5,100,0,100,118.1,100,1
5/3/2022 10:00,1.1,162,112.8,49.8,100,0,100,112.6,100,1
5/3/2022 10:15,1.2,174,118.5,50,100,0,100,118.4,100,0
5/3/2022 10:30,1.1,172,116.9,50.1,100,100,0,116.8,100,1
5/3/2022 10:45,1.2,172,116,50.3,100,100,0,115.8,100,1
5/3/2022 11:00,1.2,193,125,50.1,100,100,0,124.9,100,1
5/3/2022 11:15,1.2,198,127,50.1,100,100,0,127,100,2
5/3/2022 11:30,1.2,192,124.7,50.1,100,100,0,124.6,100,3
5/3/2022 11:45,1.3,189,123.6,50.3,100,100,0,123.5,100,1
5/3/2022 12:00,1,182,120.9,50.1,100,100,0,120.9,100,0
5/3/2022 12:15,1.3,176,118.5,50,100,100,0,118.3,100,1
5/3/2022 12:30,1.2,171,116.6,50,100,100,0,116.4,100,1
5/3/2022 12:45,1.2,186,122.3,50.1,100,100,0,122.3,100,3
5/3/2022 13:00,1,188,123,49.2,100,100,0,122.9,100,1
5/3/2022 13:15,0.9,167,121.1,50.9,100,100,0,121.5,100,1
5/3/2022 13:30,1,221,135.6,45.3,100,100,0,135.1,100,2
5/3/2022 13:45,1.2,218,133.3,46.5,100,100,0,132.8,100,1
5/3/2022 14:00,0.9,182,130.6,46.7,100,100,0,128,100,3
5/3/2022 14:15,1.2,178,130.4,47.4,100,100,0,127.4,100,3
5/3/2022 14:30,1.1,176,125.4,47.8,100,100,0,124.9,100,1
5/3/2022 14:45,1,174,122.5,51.2,100,100,0,122.6,100,2
5/3/2022 15:00,1,181,125.6,51,100,100,0,125.7,100,0
5/3/2022 15:15,1.4,117,138.5,46.9,100,100,0,138.3,100,3
5/3/2022 15:30,1.2,215,131,47.1,100,100,0,130.9,100,3
5/3/2022 15:45,1.1,193,125.2,50.1,100,100,0,124.9,100,1
5/3/2022 16:00,1.3,198,123.9,49.1,100,100,0,123.5,100,2
5/3/2022 16:15,1,203,132.8,51,100,100,0,132.9,100,2
5/3/2022 16:30,1.1,196,132.9,49.6,100,100,0,133.2,100,1
5/3/2022 16:45,1.1,226,138.3,46.9,100,100,0,138,100,0
5/3/2022 17:00,1,222,133.8,45.3,100,100,0,133.4,100,2
5/3/2022 17:15,1.4,176,122.9,54.3,100,100,0,122.9,100,0
5/3/2022 17:30,1.2,177,123,53.4,100,100,0,122.9,100,0
5/3/2022 17:45,0.8,197,125.4,49.4,100,100,0,125,100,2
5/3/2022 18:00,1,202,123.9,50.5,100,100,0,123.9,100,0
5/3/2022 18:15,1.4,199,121.8,51.8,100,100,0,122,100,3
5/3/2022 18:30,1.2,191,134.9,47.4,100,100,0,134.7,100,3
5/3/2022 18:45,1.2,195,135.5,47.8,100,100,0,135.4,100,3
5/3/2022 19:00,0.7,109,119.6,52.3,100,100,0,119.8,100,2
5/3/2022 19:15,1.1,179,124.5,44.2,100,100,0,124,100,0
5/3/2022 19:30,1,134,110.3,44.6,100,100,0,109.8,100,2
5/3/2022 19:45,1.1,219,132.2,40.2,100,100,0,131.9,100,3
5/3/2022 20:00,0.8,135,110.3,45.1,100,100,0,109.7,100,1
5/3/2022 20:15,1,154,117.6,49.4,100,100,0,117.9,100,1
5/3/2022 20:30,1,130,102,49.2,100,100,0,102,100,2
5/3/2022 20:45,1.3,126,101.4,49.6,100,100,0,101.6,100,0
5/3/2022 21:00,1.1,135,105.8,49.1,100,100,0,105.9,100,1
5/3/2022 21:15,1,134,105.9,49.8,100,100,0,105.9,100,3
5/3/2022 21:30,1.1,125,101.3,50,100,100,0,101.3,100,1
5/3/2022 21:45,1.5,139,109,50.1,100,100,0,108.6,100,0
5/3/2022 22:00,1.2,140,109,50.7,100,100,0,108.9,100,3
5/3/2022 22:15,1.1,143,110.1,50.9,100,100,0,109.9,100,2
5/3/2022 22:30,1.4,141,109.2,51,100,100,0,109.1,100,2
5/3/2022 22:45,1.3,134,105.6,51.2,100,100,0,105.6,100,0
5/3/2022 23:00,0.8,137,107.4,51.8,100,100,0,107.3,100,2
5/3/2022 23:15,1,136,106.8,51.8,100,100,0,106.7,100,1
5/3/2022 23:30,0.9,139,108.3,51.9,100,100,0,108.2,100,3
5/3/2022 23:45,1.2,121,102.3,52.3,53.2,100,0,102.5,100,0
5/4/2022 0:00,0.9,81,76.4,52.7,48.3,100,0,76.1,100,2
5/4/2022 0:15,1.3,105,92.3,52.8,54,100,0,92.2,100,0
5/4/2022 0:30,1.2,101,89.9,53,41.9,100,0,90.2,100,3
5/4/2022 0:45,1.4,96,85.2,53.4,48,100,0,85.3,100,0
5/4/2022 1:00,1.1,104,91.4,53.6,71.8,100,0,91.4,100,2
5/4/2022 1:15,1.2,99,87.8,53.7,100,100,0,87.7,100,0
5/4/2022 1:30,1.1,108,93.9,54.1,100,100,0,93.9,100,0
5/4/2022 1:45,1.1,101,90.6,54.1,59.4,100,0,90.8,100,0
5/4/2022 2:00,1.3,105,91.4,54.5,45,100,0,91.4,100,3
5/4/2022 2:15,0.8,84,78.8,54.8,48.8,100,0,79.2,100,2
5/4/2022 2:30,1,90,82.4,54.8,55.6,100,0,82.6,100,3
5/4/2022 2:45,1.3,82,78.4,55,40.2,100,0,78.7,100,0
5/4/2022 3:00,1.2,95,85.6,55.5,53,100,0,85.8,100,3
5/4/2022 3:15,1.2,85,79.8,55.9,59.5,100,0,80.2,100,1
5/4/2022 3:30,1.4,93,84.3,55.9,48.9,100,0,84.5,100,0
5/4/2022 3:45,1.2,95,86,56.3,53.1,100,0,85.9,100,2
5/4/2022 4:00,1,98,89.2,56.6,52.4,100,0,89.2,100,2
5/4/2022 4:15,1.1,94,84.9,56.8,48.7,100,0,85,100,0
5/4/2022 4:30,1.3,96,89.4,57,52.9,100,0,89.3,100,0
5/4/2022 4:45,0.9,86,79.3,57.3,41,100,0,79.5,100,1
5/4/2022 5:00,1.3,95,85.8,57.5,49.8,100,0,85.9,100,0
5/4/2022 5:15,1.3,92,82.9,57.7,100,100,0,83,100,1
5/4/2022 5:30,0.9,95,85.6,57.9,100,100,0,85.7,100,3
5/4/2022 5:45,0.9,92,83.8,58.2,100,100,0,84.1,100,2
5/4/2022 6:00,1.1,94,85.1,58.2,100,100,0,85.2,100,0
5/4/2022 6:15,1.2,98,86.5,58.8,100,100,0,86.7,100,2
5/4/2022 6:30,0.9,127,100.9,59,100,100,0,101.2,100,1
5/4/2022 6:45,0.9,114,96.2,59.3,100,100,0,96.4,100,1
5/4/2022 7:00,1.3,124,105.4,59.7,100,100,0,105.3,100,0
5/4/2022 7:15,1.2,114,96,59.7,100,100,0,96.2,100,1
5/4/2022 7:30,1.1,120,102.2,60.2,100,100,0,102.4,100,3
5/4/2022 7:45,1.1,117,98.7,60.4,100,100,0,98.9,100,3
5/4/2022 8:00,1,127,106.8,60.8,100,100,0,106.7,100,1
5/4/2022 8:15,0.8,126,102.7,60.9,100,100,0,102.8,100,3
5/4/2022 8:30,1.1,130,107.4,61.3,100,100,0,107.9,100,1
5/4/2022 8:45,1.1,126,102.5,61.3,100,100,0,102.7,100,1
5/4/2022 9:00,1.1,137,107.4,61.8,100,100,0,107.7,100,0
5/4/2022 9:15,1.1,138,108.1,62,100,100,0,108,100,0
5/4/2022 9:30,1.1,197,136.4,57.2,100,100,0,135.3,100,1
5/4/2022 9:45,1.2,207,126.3,54.1,100,100,0,126,100,1
5/4/2022 10:00,1,207,136.9,50.7,100,100,0,136.9,100,3
5/4/2022 10:15,1.2,214,133.1,50.3,100,100,0,133.3,100,3
5/4/2022 10:30,1.2,180,129.2,51.8,100,100,0,129.6,100,0
5/4/2022 10:45,1,202,134.7,47.6,100,100,0,134.6,100,0
5/4/2022 11:00,1,160,124.1,48.3,100,100,0,124,100,1
5/4/2022 11:15,0.9,102,122.1,47.4,100,100,0,122,100,1
5/4/2022 11:30,1.1,66,121.6,46.4,100,100,0,121.4,100,3
5/4/2022 11:45,1.1,39,119.4,46,100,100,0,119.3,100,2
5/4/2022 12:00,1.1,38,119.8,48.9,100,100,0,119.8,100,2
5/4/2022 12:15,1,39,120.2,46.2,100,100,0,120,100,1
5/4/2022 12:30,1.2,39,115.5,46.4,100,100,0,115.5,100,3
5/4/2022 12:45,1.1,45,107.6,50.7,100,100,0,107.4,100,1
5/4/2022 13:00,1,46,107.2,50.3,100,100,0,107.2,100,3
5/4/2022 13:15,1.1,47,106.3,50.3,100,100,0,106.4,100,0
5/4/2022 13:30,1.1,48,107.9,51,100,100,0,107.8,100,3
5/4/2022 13:45,1.1,49,106.8,51.4,100,100,0,106.8,100,3
5/4/2022 14:00,1.2,49,105.2,51.6,100,100,0,105.3,100,2
5/4/2022 14:15,1.1,50,101.6,51.9,100,100,0,101.5,100,1
5/4/2022 14:30,1.2,51,96.4,52.3,100,100,0,96.3,100,3
5/4/2022 14:45,0.9,52,101.1,52.5,100,100,0,101.1,100,3
5/4/2022 15:00,1.3,52,96.4,53,100,100,0,96.7,100,2
5/4/2022 15:15,1,53,98,53.4,100,100,0,98,100,0
5/4/2022 15:30,1.2,54,97.3,53.9,100,100,0,97.3,100,3
5/4/2022 15:45,0.9,54,99.3,54.3,100,100,0,99.2,100,1
5/4/2022 16:00,1.1,55,100,54.5,100,100,0,99.9,100,2
5/4/2022 16:15,1.1,56,94.8,55,100,100,0,95.2,100,0
5/4/2022 16:30,1.2,57,95.7,55.4,100,100,0,95.8,100,1
5/4/2022 16:45,1.1,58,100.7,55.9,100,100,0,100.6,100,1
5/4/2022 17:00,1.1,58,104.7,56.3,100,100,0,104.8,100,3
5/4/2022 17:15,1,59,93.9,56.6,100,100,0,94.1,100,1
5/4/2022 17:30,0.9,59,101.1,56.8,100,100,0,100.9,100,0
5/4/2022 17:45,1.1,60,102.2,57,100,100,0,102.3,100,0
5/4/2022 18:00,0.7,60,103.6,57.3,100,100,0,103.6,100,2
5/4/2022 18:15,0.9,60,111.2,57.9,100,100,0,111,100,3
5/4/2022 18:30,1,61,102.2,57.9,100,100,0,102.2,100,0
5/4/2022 18:45,1.1,61,103.4,58.4,100,100,0,103.5,100,1
5/4/2022 19:00,1.1,61,105.9,58.4,100,100,0,105.8,100,1
5/4/2022 19:15,1,62,103.4,58.8,100,100,0,103.3,100,1
5/4/2022 19:30,1.1,62,104.7,59.1,100,100,0,104.6,100,3
5/4/2022 19:45,0.9,62,103.6,59.1,100,100,0,103.8,100,0
5/4/2022 20:00,1.3,63,104.1,59.5,100,100,0,104.2,100,0
5/4/2022 20:15,1.1,63,108.1,59.9,100,100,0,108.1,100,1
5/4/2022 20:30,1.4,64,104.9,60,100,100,0,104.8,100,0
5/4/2022 20:45,1.1,64,107.2,60.2,100,100,0,107.1,100,3
5/4/2022 21:00,1.1,64,106.3,60.4,100,100,0,106.3,100,0
5/4/2022 21:15,1.4,65,105.8,60.6,100,100,0,105.8,100,3
5/4/2022 21:30,1,65,109,60.8,100,100,0,108.9,100,1
5/4/2022 21:45,1,66,106.8,60.9,100,100,0,106.9,100,3
5/4/2022 22:00,1,66,105.2,61.3,100,100,0,105.1,100,3
5/4/2022 22:15,1.3,66,104.5,61.7,100,100,0,104.7,100,3
5/4/2022 22:30,0.9,66,104.1,61.8,100,100,0,104.1,100,0
5/4/2022 22:45,1.1,66,107.9,62,100,100,0,107.7,100,1
5/4/2022 23:00,1.1,180,114.2,56.3,100,100,0,113.7,100,1
5/4/2022 23:15,1.1,152,120.7,60.2,100,100,0,122.2,100,1
5/4/2022 23:30,1.2,219,133.7,50.9,100,100,0,132.6,100,2
5/4/2022 23:37,,,,,,,,,,2
5/4/2022 23:45,1.1,173,120.7,60.2,56.8,0,0,121,98,2
5/5/2022 0:00,0.3,95,119.6,59.7,100,0,0,120.3,0,0
5/5/2022 0:15,0.4,45,118.2,60.2,100,0,0,119.1,0,1
5/5/2022 0:30,0.4,47,116.9,60.8,51,0,0,117.6,0,1
5/5/2022 0:45,0.3,50,115.1,61.3,69.5,0,0,116,0,1
5/5/2022 1:00,0.3,52,113.5,61.7,49.6,0,0,114.4,0,1
5/5/2022 1:15,0.3,54,112.2,62.2,66.2,0,0,112.7,0,0
5/5/2022 1:30,0.3,56,110.8,62.6,100,0,0,111.4,0,1
5/5/2022 1:45,0.3,58,109.5,62.9,100,0,0,110,0,2
5/5/2022 2:00,0.3,59,108.3,62.9,100,0,0,108.5,0,2
5/5/2022 2:15,0.3,60,107,63.5,52.2,0,0,107.3,0,1
5/5/2022 2:30,0.3,61,105.9,63.8,55.7,0,0,106.1,0,2
5/5/2022 2:45,0.3,62,104.7,64,57.8,0,0,105,0,2
5/5/2022 3:00,0.3,63,103.8,64.4,92.7,0,0,103.9,0,1
5/5/2022 3:15,0.4,64,102.5,64.5,100,0,0,102.8,0,3
5/5/2022 3:30,0.3,64,101.6,64.7,100,0,0,101.8,0,0
5/5/2022 3:45,0.3,65,100.7,64.9,85.8,0,0,100.8,0,2
5/5/2022 4:00,0.3,66,99.8,65.1,62,0,0,99.9,0,0
5/5/2022 4:15,0.3,67,98.9,65.4,44.1,0,0,99,0,0
5/5/2022 4:30,0.3,67,98.2,65.8,47.9,0,0,98.2,0,2
5/5/2022 4:45,0.3,68,97.3,66,53.1,0,0,97.4,0,0
5/5/2022 5:00,0.3,68,96.6,66.2,40.2,0,0,96.6,0,0
5/5/2022 5:15,0.3,69,95.7,66.3,66.9,0,0,95.9,0,1
5/5/2022 5:30,0.3,69,95.1,66.7,100,0,0,95.2,0,1
5/5/2022 5:45,0.3,70,94.2,66.7,100,0,0,94.4,0,0
5/5/2022 6:00,0.3,70,93.7,67.1,100,0,0,93.8,0,3
5/5/2022 6:15,0.3,70,93,67.1,100,0,0,93.1,0,3
5/5/2022 6:30,0.3,71,92.4,67.4,100,0,0,92.5,0,3
5/5/2022 6:45,0.3,71,91.7,67.6,100,0,0,92,0,1
5/5/2022 7:00,0.3,71,91.2,68,100,0,0,91.5,0,3
5/5/2022 7:15,0.3,71,90.6,68.1,100,0,0,90.9,0,2
5/5/2022 7:30,0.3,72,90.1,68.3,100,0,0,90.4,0,0
5/5/2022 7:45,0.3,72,89.7,68.5,100,0,0,89.9,0,1
5/5/2022 8:00,0.3,72,89.2,68.7,100,0,0,89.4,0,3
5/5/2022 8:15,0.3,73,88.8,68.9,100,0,0,89,0,0
5/5/2022 8:30,0.3,73,88.3,68.9,100,0,0,88.6,0,0
5/5/2022 8:45,0.3,73,87.8,69.2,100,0,0,88.2,0,3
5/5/2022 9:00,0.3,73,87.6,69.4,100,0,0,87.8,0,3
5/5/2022 9:15,0.3,74,87,69.4,100,0,0,87.4,0,0
5/5/2022 9:30,0.3,75,86.7,69.6,100,0,0,87,0,2
5/5/2022 9:45,0.3,75,86.3,69.9,100,0,0,86.7,0,2
5/5/2022 10:00,0.3,75,86,69.9,100,0,0,86.4,0,3
5/5/2022 10:15,0.3,75,85.6,70.3,100,0,0,86.1,0,0
5/5/2022 10:30,0.3,75,85.2,70.3,100,0,0,85.8,0,3
5/5/2022 10:45,0.3,76,84.9,70.3,100,0,0,85.6,0,0
5/5/2022 11:00,0.3,76,84.7,70.7,100,0,0,85.3,0,1
5/5/2022 11:15,0.3,76,84.3,70.8,100,0,0,85,0,0
5/5/2022 11:30,0.3,76,84.2,71,100,0,0,84.8,0,1
5/5/2022 11:45,0.3,76,83.8,71.4,100,0,0,84.6,0,1
5/5/2022 12:00,0.3,77,83.6,71.6,100,0,0,84.3,0,0
5/5/2022 12:15,0.3,77,83.4,71.6,100,0,0,84.1,0,1
5/5/2022 12:30,0.3,77,83.1,71.6,100,0,0,83.9,0,2
5/5/2022 12:45,0.3,77,83.1,71.7,100,0,0,83.7,0,2
5/5/2022 13:00,0.3,77,82.7,72.1,100,0,0,83.6,0,0
5/5/2022 13:15,0.3,77,82.7,72.1,100,0,0,83.4,0,3
5/5/2022 13:30,0.3,77,82.5,72.3,100,0,0,83.2,0,0
5/5/2022 13:45,0.3,78,82.2,72.3,100,0,0,83.1,0,2
5/5/2022 14:00,0.3,78,82,72.6,100,0,0,82.9,0,2
5/5/2022 14:15,0.3,78,81.8,72.8,100,0,0,82.8,0,2
5/5/2022 14:30,0.3,78,81.8,72.8,100,0,0,82.7,0,3
5/5/2022 14:45,0.3,78,81.5,73,100,0,0,82.5,0,0
5/5/2022 15:00,0.3,78,81.5,73.2,100,0,0,82.4,0,0
5/5/2022 15:15,0.3,79,81.3,73.2,100,0,0,82.3,0,2
5/5/2022 15:30,0.3,79,81.1,73.4,100,0,0,82.2,0,1
5/5/2022 15:45,0.3,79,80.9,73.4,100,0,0,82,0,2
5/5/2022 16:00,0.3,79,80.9,73.5,100,0,0,81.9,0,2
5/5/2022 16:15,0.4,79,80.9,73.5,100,0,0,81.8,0,2
5/5/2022 16:30,0.3,79,80.6,73.7,100,0,0,81.7,0,2
5/5/2022 16:45,0.3,79,80.6,73.7,100,0,0,81.6,0,1
5/5/2022 17:00,0.3,79,80.4,73.9,100,0,0,81.5,0,3
5/5/2022 17:15,0.4,79,80.2,73.9,100,0,0,81.4,0,3
5/5/2022 17:30,0.3,80,80,73.9,100,0,0,81.3,0,2
5/5/2022 17:45,0.3,80,80,73.9,100,0,0,81.2,0,3
5/5/2022 18:00,0.3,80,79.8,74.3,100,0,0,81.1,0,2
5/5/2022 18:15,0.3,80,79.8,74.3,100,0,0,81.1,0,0
5/5/2022 18:30,0.3,80,79.8,74.3,100,0,0,81,0,0
5/5/2022 18:45,0.4,80,79.5,74.4,100,0,0,80.9,0,1
5/5/2022 19:00,0.3,80,79.5,74.4,100,0,0,80.8,0,3
5/5/2022 19:15,0.4,80,79.3,74.6,100,0,0,80.7,0,0
5/5/2022 19:30,0.4,80,79.5,74.6,100,0,0,80.7,0,1
5/5/2022 19:45,0.3,80,79.1,74.6,100,0,0,80.6,0,0
5/5/2022 20:00,0.3,80,79.1,74.6,100,0,0,80.5,0,1
5/5/2022 20:15,0.3,80,79.1,74.6,100,0,0,80.5,0,3
5/5/2022 20:30,0.3,80,79.1,74.6,100,0,0,80.4,0,0
5/5/2022 20:45,0.3,80,79.1,74.6,100,0,0,80.3,0,3
5/5/2022 21:00,0.4,81,78.9,75,100,0,0,80.3,0,2
5/5/2022 21:15,0.3,81,78.9,75,100,0,0,80.2,0,2
5/5/2022 21:30,0.3,81,78.8,75,100,0,0,80.2,0,0
5/5/2022 21:45,0.4,81,78.6,75,100,0,0,80.1,0,3
5/5/2022 22:00,0.3,81,78.6,75.2,100,0,0,80,0,3
5/5/2022 22:15,0.3,81,78.6,75.2,100,0,0,80,0,1
5/5/2022 22:30,0.3,81,78.4,75.2,100,0,0,79.9,0,2
5/5/2022 22:45,0.3,81,78.4,75.2,100,0,0,79.9,0,1
5/5/2022 23:00,0.4,81,78.4,75.2,100,0,0,79.8,0,0
5/5/2022 23:15,0.3,81,78.2,75.3,100,0,0,79.8,0,1
5/5/2022 23:30,0.3,81,78.2,75.2,100,0,0,79.7,0,1
5/5/2022 23:45,0.4,81,78.2,75.2,100,0,0,79.7,0,0
5/6/2022 0:00,0.3,81,78.2,75.2,100,0,0,79.6,0,2
5/6/2022 0:15,0.3,81,78.2,75.2,100,0,0,79.6,0,3
5/6/2022 0:30,0.4,81,77.9,75.2,100,0,0,79.5,0,0
5/6/2022 0:45,0.3,81,77.9,75.2,100,0,0,79.5,0,0
5/6/2022 1:00,0.3,81,77.9,75.2,100,0,0,79.4,0,2
5/6/2022 1:15,0.3,81,77.9,75.2,100,0,0,79.3,0,2
5/6/2022 1:30,0.3,81,77.7,75.2,100,0,0,79.3,0,1
5/6/2022 1:45,0.3,81,77.7,75.5,100,0,0,79.3,0,0
5/6/2022 2:00,0.3,81,77.7,75.5,100,0,0,79.2,0,3
5/6/2022 2:15,0.3,81,77.7,75.5,100,0,0,79.1,0,1
5/6/2022 2:30,0.3,81,77.5,75.5,100,0,0,79.1,0,1
5/6/2022 2:45,0.4,81,77.5,75.5,100,0,0,79.1,0,2
5/6/2022 3:00,0.3,82,77.5,75.5,100,0,0,79,0,0
5/6/2022 3:15,0.3,82,77.5,75.5,100,0,0,78.9,0,3
5/6/2022 3:30,0.3,82,77.3,75.5,100,0,0,78.9,0,2
5/6/2022 3:45,0.3,82,77.3,75.5,100,0,0,78.8,0,1
5/6/2022 4:00,0.3,82,77.1,75.5,100,0,0,78.8,0,1
5/6/2022 4:15,0.3,82,77.1,75.5,100,0,0,78.7,0,1
5/6/2022 4:30,0.3,82,77.1,75.5,100,0,0,78.7,0,0
5/6/2022 4:45,0.3,82,77.1,75.5,100,0,0,78.6,0,3
5/6/2022 5:00,0.3,82,77,75.3,100,0,0,78.6,0,2
5/6/2022 5:15,0.3,82,77,75.5,100,0,0,78.6,0,0
5/6/2022 5:30,0.3,82,77,75.3,100,0,0,78.5,0,2
5/6/2022 5:45,0.3,82,77,75.3,100,0,0,78.5,0,0
5/6/2022 6:00,0.3,82,77,75.3,100,0,0,78.4,0,1
5/6/2022 6:15,0.3,82,77,75.5,100,0,0,78.4,0,2
5/6/2022 6:30,0.3,82,77,75.5,100,0,0,78.3,0,2
5/6/2022 6:45,0.3,82,77,75.5,100,0,0,78.3,0,0
5/6/2022 7:00,0.3,82,77,75.5,100,0,0,78.3,0,3
5/6/2022 7:15,0.3,82,76.8,75.5,100,0,0,78.2,0,3
5/6/2022 7:30,0.3,82,76.8,75.5,100,0,0,78.2,0,0
5/6/2022 7:45,0.3,81,76.8,75.5,100,0,0,78.1,0,2
5/6/2022 8:00,0.3,81,76.8,75.5,100,0,0,78.1,0,1
5/6/2022 8:15,0.3,81,76.8,75.5,100,0,0,78.1,0,1
5/6/2022 8:30,0.3,81,76.8,75.5,100,0,0,78,0,1
5/6/2022 8:45,0.3,81,76.8,75.5,100,0,0,78,0,0
5/6/2022 9:00,0.3,81,76.8,75.5,100,0,0,78,0,2
5/6/2022 9:15,0.3,81,76.4,75.5,100,0,0,77.9,0,0
5/6/2022 9:30,0.3,81,76.4,75.5,100,0,0,77.9,0,2
5/6/2022 9:45,0.3,81,76.4,75.5,100,0,0,77.9,0,0
5/6/2022 10:00,0.3,81,76.4,75.5,100,0,0,77.9,0,1
5/6/2022 10:15,0.3,81,76.4,75.5,100,0,0,77.8,0,2
5/6/2022 10:30,0.3,81,76.4,75.5,100,0,0,77.8,0,2
5/6/2022 10:45,0.3,81,76.6,75.5,100,0,0,77.8,0,2
5/6/2022 11:00,0.3,81,76.6,75.3,100,0,0,77.8,0,0
5/6/2022 11:15,0.3,81,76.6,75.5,100,0,0,77.8,0,0
5/6/2022 11:30,0.3,81,76.4,75.3,100,0,0,77.8,0,1
5/6/2022 11:45,0.3,,76.6,75.3,,,,,,2
5/6/2022 12:00,0.3,,76.4,75.3,,,,,,0
5/6/2022 12:15,0.3,,76.4,75.3,,,,,,2
5/6/2022 12:30,0.3,,76.6,75.3,,,,,,0
5/6/2022 12:45,0.3,,76.6,75.3,,,,,,0
5/6/2022 13:00,0.3,,76.6,75.3,,,,,,1
5/6/2022 13:15,0.3,,76.4,75.3,,,,,,1
5/6/2022 13:30,0.4,,76.6,75.3,,,,,,3
